{
  "name": "ApplicationManager",
  "version": "0.1.0",
  "description": "ESP-IDF component-style orchestrator with services, modules, and example thermostat app.",
  "keywords": "espidf, orchestrator, eventbus, scheduler",
  "repository": {
    "type": "git",
    "url": "https://github.com/hosseinhadi/Control_Boards.git"
  },
  "authors": [
    {
      "name": "Hossein Hadi",
      "url": "https://hosseinhadi.ir",
      "email": "me@hosseinhadi.ir",
      "maintainer": true
    }
  ],
  "frameworks": ["espidf"],
  "platforms": ["espressif32"],
  "export": {
    "include": [
      "include",
      "components",
      "examples",
      "test",
      "CMakeLists.txt",
      "Kconfig",
      "partitions.csv",
      "README.md"
    ]
  }
}
